{
  "project_info": {
    "project_number": "585438275233",
    "firebase_url": "https://fir-7bc92.firebaseio.com",
    "project_id": "fir-7bc92",
    "storage_bucket": "fir-7bc92.appspot.com"
  },
  "client": [
    {
      "client_info": {
        "mobilesdk_app_id": "1:585438275233:android:7355dd1dd6ab70d0",
        "android_client_info": {
          "package_name": "com.firebase"
        }
      },
      "oauth_client": [],
      "api_key": [
        {
          "current_key": "AIzaSyC-HAnXgd0XiQHDRSI7EiK43mr1TjREpHI"
        }
      ],
      "services": {
        "appinvite_service": {
          "other_platform_oauth_client": [
            {
              "client_id": "585438275233-4sv84avldp73vbpaditlah7nb9kd6j88.apps.googleusercontent.com",
              "client_type": 3
            }
          ]
        }
      }
    }
  ],
  "configuration_version": "1"
}